Alumno/a;DNI/Pasaporte;Unidad
Ait el Aadraoui Camóns, Omar;64917403K;1 DAM
Araque Ruiz, Jaime;65595616P;1 DAW
Ballesta Muñoz, José Ramón;64594127R;1 DAW
Barón Jiménez, Pau;68258741Z;1 DAW
Belmonte Oliva, Manuel;64919172T;2 DAM
Brinza, Nicoleta;18425205S;1 DAW
Castillo Calvo, Luis David;64911073Q;1 DAM
Cazalla Pérez, Alejandro;64917592A;2 DAM
Contreras López, Enrique;39934014B;2 DAW
Corpas Mena, Crescencio Jesús;89684934W;1 DAM
De la Cruz Morente, José Manuel;64911396V;1 DAW
E1pósito Reca, Joaquín;64916111V;1 DAW
Ferro Cobo, Mario;64910430V;1 DAW
García Flores, Juan Manuel;65594818V;1 DAW
García Pedrajas, Francisco Javier;64918965L;1 DAW
Gianmoena, David Jason;17481653Y;1 DAM
Gómez Castillo, José Carlos;64599648B;2 DAW
Gómez González, Iván Manuel;64916381B;1 DAW
González de Miguel Guerrero, Marta;89689281W;1 DAM
Granero Alcalá, Pablo;64915112F;1 DAW
Gutiérrez Carmona, Francisco Manuel;64910091T;2 DAW
Gutiérrez Sánchez, Francisco Javier;64916484D;1 DAM
Herrera E1pósito, Juan Manuel;64912489B;2 DAW
Jiménez Bueno, Alejandro;64599442R;1 DAM
Jurado Bejarano, Ángel;64914389C;2 DAW
Jurado Magdaleno, Alejandro;64913552B;2 DAW
Jurado Valdivia, Juan Alberto;64910099P;2 DAM
Lara Alos, Manuel José;64916844Z;1 DAM
López Gómez, Antonio José;64591334T;1 DAW
Luque Cabrero, Alberto;64917422E;1 DAW
Mármol Romero, Álvaro;64911791K;2 DAM
Martín Murillo, Manuel;64919101K;2 DAM
Martínez Flores, David;64912548C;2 DAM
Martínez Guerbós, Pablo;65596841Y;1 DAM
Martínez Megías, Javier;64916043H;2 DAM
Martínez Torralba, Rafael;64916936Z;1 DAW
Mesa Cofrades, Silvia;64599160F;2 DAW
Moreno Algaba, Eduardo;64914196B;1 DAM
Moreno Ortega, Virginia;64914290J;1 DAM
Ortega Solana, Jorge;64913599N;1 DAW
Pérez García, Enrique José;64918924M;1 DAM
Pérez Sánchez, Abel;64914871T;1 DAM
Pino Castillo, José del;64916424P;2 DAW
Ríos Gutiérrez, Miguel;64911600Z;1 DAM
Rodríguez Jiménez, Alejandro;64914868D;2 DAW
Ruiz Araque, Carlos;64919683Y;2 DAM
Ruiz Cánovas, Pablo Elías;64918299C;2 DAM
Ruiz Sánchez, Nerea;65595652M;1 DAM
Sánchez Ferro, Mari Carmen;89681796S;1 DAM
Serrano Cruz, Jorge;64916560Y;1 DAM
Serrano Gutiérrez, Pablo;64915234Z;1 DAM
Solís Martínez, Álvaro Manuel;64916691B;1 DAW
Soto Sánchez-Aguilera, Jesús;64913950H;1 DAM
Sutil Mesa, Juan;49164429T;2 DAM
Trujillo Pineda, Valeria;43743430P;1 DAW
Valverde Gómez, Carlos;91169489E;1 DAW
Verdejo García, Adrián;64599952Q;1 DAM
Zambrana López, Alejandro;42872002M;1 DAW
